freq,psd_x,psd_y,psd_z,psd_xyz
0.0,2.419e+02,3.632e+02,2.507e+03,3.113e+03
1.3,1.178e+03,1.968e+03,1.244e+04,1.559e+04
2.6,1.534e+03,2.361e+03,1.571e+04,1.961e+04
4.0,1.553e+03,2.329e+03,1.658e+04,2.046e+04
5.3,1.591e+03,2.344e+03,1.698e+04,2.091e+04
6.6,1.402e+03,2.339e+03,1.594e+04,1.968e+04
7.9,1.413e+03,2.453e+03,1.819e+04,2.206e+04
9.2,1.894e+03,2.662e+03,2.115e+04,2.570e+04
10.5,1.394e+03,2.316e+03,1.807e+04,2.178e+04
11.9,1.240e+03,2.294e+03,1.834e+04,2.187e+04
13.2,1.369e+03,2.584e+03,2.272e+04,2.667e+04
14.5,1.375e+03,2.588e+03,2.415e+04,2.811e+04
15.8,1.486e+03,2.478e+03,3.038e+04,3.435e+04
17.1,1.897e+03,2.733e+03,3.427e+04,3.890e+04
18.4,1.911e+03,3.322e+03,3.335e+04,3.858e+04
19.8,1.730e+03,2.969e+03,2.824e+04,3.293e+04
21.1,1.673e+03,3.270e+03,2.744e+04,3.239e+04
22.4,1.847e+03,3.362e+03,3.656e+04,4.177e+04
23.7,2.264e+03,3.697e+03,4.394e+04,4.990e+04
25.0,2.860e+03,3.900e+03,4.400e+04,5.076e+04
26.3,3.858e+03,4.217e+03,6.034e+04,6.841e+04
27.7,4.500e+03,4.887e+03,7.283e+04,8.222e+04
29.0,3.197e+03,4.787e+03,5.318e+04,6.116e+04
30.3,3.648e+03,5.038e+03,6.940e+04,7.808e+04
31.6,3.654e+03,5.812e+03,8.472e+04,9.419e+04
32.9,2.516e+03,6.114e+03,6.945e+04,7.808e+04
34.3,2.238e+03,6.210e+03,6.608e+04,7.452e+04
35.6,2.366e+03,7.008e+03,6.979e+04,7.917e+04
36.9,3.001e+03,8.835e+03,7.974e+04,9.158e+04
38.2,2.637e+03,9.603e+03,7.448e+04,8.672e+04
39.5,2.684e+03,1.171e+04,7.993e+04,9.432e+04
40.8,3.091e+03,1.640e+04,9.725e+04,1.167e+05
42.2,2.975e+03,1.967e+04,1.303e+05,1.529e+05
43.5,2.992e+03,2.567e+04,1.430e+05,1.716e+05
44.8,3.403e+03,2.858e+04,1.166e+05,1.486e+05
46.1,3.548e+03,2.661e+04,1.135e+05,1.437e+05
47.4,4.597e+03,2.954e+04,1.148e+05,1.490e+05
48.7,4.659e+03,2.996e+04,1.084e+05,1.430e+05
50.1,3.823e+03,2.790e+04,8.916e+04,1.209e+05
51.4,3.179e+03,2.761e+04,8.303e+04,1.138e+05
52.7,4.027e+03,3.340e+04,8.436e+04,1.218e+05
54.0,4.318e+03,3.858e+04,7.927e+04,1.222e+05
55.3,4.253e+03,3.508e+04,7.191e+04,1.112e+05
56.7,5.228e+03,2.506e+04,7.276e+04,1.031e+05
58.0,5.968e+03,3.046e+04,7.249e+04,1.089e+05
59.3,7.271e+03,3.982e+04,9.216e+04,1.393e+05
60.6,7.898e+03,3.638e+04,9.874e+04,1.430e+05
61.9,8.210e+03,3.361e+04,9.386e+04,1.357e+05
63.2,8.577e+03,3.044e+04,8.506e+04,1.241e+05
64.6,7.757e+03,3.169e+04,8.900e+04,1.284e+05
65.9,9.108e+03,3.379e+04,9.584e+04,1.387e+05
67.2,1.154e+04,4.156e+04,1.150e+05,1.681e+05
68.5,1.373e+04,4.174e+04,1.375e+05,1.930e+05
69.8,1.636e+04,4.111e+04,1.611e+05,2.186e+05
71.1,2.339e+04,4.508e+04,2.247e+05,2.932e+05
72.5,1.888e+04,4.041e+04,1.790e+05,2.383e+05
73.8,2.482e+04,5.141e+04,2.363e+05,3.125e+05
75.1,3.493e+04,6.161e+04,3.470e+05,4.435e+05
76.4,3.460e+04,4.862e+04,3.388e+05,4.221e+05
77.7,3.413e+04,4.264e+04,3.188e+05,3.955e+05
79.0,4.386e+04,5.668e+04,4.375e+05,5.381e+05
80.4,3.959e+04,5.056e+04,3.801e+05,4.702e+05
81.7,3.945e+04,4.775e+04,3.675e+05,4.547e+05
83.0,3.806e+04,4.237e+04,3.742e+05,4.546e+05
84.3,4.607e+04,4.825e+04,4.510e+05,5.453e+05
85.6,4.308e+04,4.773e+04,4.241e+05,5.149e+05
87.0,2.544e+04,2.931e+04,2.549e+05,3.097e+05
88.3,2.579e+04,2.768e+04,2.492e+05,3.027e+05
89.6,3.039e+04,3.300e+04,2.829e+05,3.463e+05
90.9,3.280e+04,3.454e+04,3.050e+05,3.724e+05
92.2,2.625e+04,2.553e+04,2.179e+05,2.697e+05
93.5,2.397e+04,2.476e+04,2.121e+05,2.608e+05
94.9,2.451e+04,2.303e+04,2.125e+05,2.601e+05
96.2,2.027e+04,1.799e+04,1.670e+05,2.052e+05
97.5,1.767e+04,1.750e+04,1.505e+05,1.857e+05
98.8,1.670e+04,1.491e+04,1.272e+05,1.589e+05
100.1,1.708e+04,1.276e+04,1.218e+05,1.516e+05
101.4,1.985e+04,1.374e+04,1.341e+05,1.676e+05
102.8,1.862e+04,1.430e+04,1.236e+05,1.565e+05
104.1,1.683e+04,1.280e+04,1.149e+05,1.446e+05
105.4,1.329e+04,1.072e+04,9.581e+04,1.198e+05
106.7,1.318e+04,9.238e+03,7.811e+04,1.005e+05
108.0,1.180e+04,8.055e+03,7.202e+04,9.188e+04
109.3,1.379e+04,1.040e+04,7.961e+04,1.038e+05
110.7,1.469e+04,1.166e+04,7.878e+04,1.051e+05
112.0,1.140e+04,9.860e+03,6.051e+04,8.176e+04
113.3,1.274e+04,9.478e+03,6.479e+04,8.702e+04
114.6,1.288e+04,9.388e+03,5.923e+04,8.150e+04
115.9,1.208e+04,8.818e+03,4.844e+04,6.933e+04
117.3,1.358e+04,9.719e+03,4.814e+04,7.143e+04
118.6,1.371e+04,9.393e+03,4.759e+04,7.070e+04
119.9,1.295e+04,1.011e+04,3.769e+04,6.075e+04
121.2,1.349e+04,9.515e+03,3.399e+04,5.700e+04
122.5,1.264e+04,8.335e+03,4.201e+04,6.298e+04
123.8,1.079e+04,8.150e+03,3.694e+04,5.588e+04
125.2,8.887e+03,6.076e+03,3.229e+04,4.725e+04
126.5,9.134e+03,5.609e+03,2.924e+04,4.398e+04
127.8,6.944e+03,4.530e+03,2.369e+04,3.517e+04
129.1,8.093e+03,5.593e+03,2.318e+04,3.686e+04
130.4,6.363e+03,4.208e+03,2.265e+04,3.322e+04
131.7,5.131e+03,3.382e+03,1.879e+04,2.730e+04
133.1,5.590e+03,3.593e+03,1.818e+04,2.736e+04
134.4,4.508e+03,3.081e+03,1.617e+04,2.376e+04
135.7,4.113e+03,3.453e+03,1.469e+04,2.226e+04
137.0,4.467e+03,3.426e+03,1.460e+04,2.249e+04
138.3,4.363e+03,3.038e+03,1.423e+04,2.163e+04
139.7,4.539e+03,3.094e+03,1.455e+04,2.219e+04
141.0,4.578e+03,3.140e+03,1.361e+04,2.133e+04
142.3,4.339e+03,3.404e+03,1.322e+04,2.096e+04
143.6,4.550e+03,3.876e+03,1.304e+04,2.146e+04
144.9,4.964e+03,4.433e+03,1.476e+04,2.416e+04
146.2,5.173e+03,4.424e+03,1.497e+04,2.457e+04
147.6,4.855e+03,3.805e+03,1.235e+04,2.101e+04
148.9,5.469e+03,5.082e+03,1.092e+04,2.148e+04
150.2,5.845e+03,6.425e+03,1.014e+04,2.241e+04
151.5,5.242e+03,6.217e+03,9.697e+03,2.116e+04
152.8,5.763e+03,6.680e+03,1.028e+04,2.272e+04
154.1,6.186e+03,6.709e+03,9.600e+03,2.250e+04
155.5,6.610e+03,5.859e+03,9.164e+03,2.163e+04
156.8,5.199e+03,5.025e+03,8.518e+03,1.874e+04
158.1,5.555e+03,6.148e+03,9.071e+03,2.077e+04
159.4,5.780e+03,6.194e+03,8.806e+03,2.078e+04
160.7,6.816e+03,5.814e+03,8.981e+03,2.161e+04
162.0,6.312e+03,6.297e+03,7.030e+03,1.964e+04
163.4,8.249e+03,9.030e+03,7.377e+03,2.466e+04
164.7,9.237e+03,8.153e+03,9.271e+03,2.666e+04
166.0,8.785e+03,7.624e+03,7.962e+03,2.437e+04
167.3,7.939e+03,6.607e+03,7.122e+03,2.167e+04
168.6,6.440e+03,5.144e+03,6.040e+03,1.762e+04
170.0,5.124e+03,4.125e+03,6.081e+03,1.533e+04
171.3,4.917e+03,4.031e+03,6.439e+03,1.539e+04
172.6,6.070e+03,4.724e+03,5.408e+03,1.620e+04
173.9,6.996e+03,3.717e+03,6.902e+03,1.761e+04
175.2,6.634e+03,3.381e+03,6.638e+03,1.665e+04
176.5,6.188e+03,2.765e+03,5.172e+03,1.412e+04
177.9,8.452e+03,2.665e+03,5.689e+03,1.681e+04
179.2,7.885e+03,2.793e+03,5.840e+03,1.652e+04
180.5,8.453e+03,2.763e+03,5.858e+03,1.707e+04
181.8,8.497e+03,2.798e+03,5.060e+03,1.636e+04
183.1,7.722e+03,2.757e+03,4.796e+03,1.527e+04
184.4,6.990e+03,2.684e+03,4.618e+03,1.429e+04
185.8,7.414e+03,3.299e+03,5.340e+03,1.605e+04
187.1,9.783e+03,3.413e+03,5.425e+03,1.862e+04
188.4,1.242e+04,3.447e+03,6.012e+03,2.188e+04
189.7,1.282e+04,3.786e+03,5.563e+03,2.217e+04
191.0,1.264e+04,4.245e+03,5.128e+03,2.201e+04
192.3,1.093e+04,4.754e+03,4.247e+03,1.993e+04
193.7,9.095e+03,4.336e+03,4.130e+03,1.756e+04
195.0,7.964e+03,3.846e+03,4.466e+03,1.628e+04
196.3,8.067e+03,4.105e+03,4.459e+03,1.663e+04
197.6,7.367e+03,4.451e+03,4.068e+03,1.589e+04
198.9,6.629e+03,4.386e+03,4.376e+03,1.539e+04
